{"vertexPositions":[[0,1,0],[0.942809,-0.333333,0],[-0.471405,-0.333333,-0.816497],[-0.471405,-0.333333,0.816497]],"vertexNormals":[[0.4714,0.3333,-0.8165],[-0.9428,0.3333,0],[0.4714,0.3333,0.8165],[0,-1,0]],"vertexUVs":[[0.5773,0.5],[0.866,0.0001],[0.866,0.9999],[0.0001,0.5]],"facePositions":[[0,1,2],[0,2,3],[0,3,1],[1,3,2]],"faceNormals":[[0,0,0],[1,1,1],[2,2,2],[3,3,3]],"faceUVs":[[0,1,2],[0,2,3],[0,3,1],[1,3,2]]}