{
  "vertexPositions": [
    [
      0.5,
      0.5,
      0.5
    ],
    [
      0.5,
      -0.5,
      -0.5
    ],
    [
      -0.5,
      0.5,
      -0.5
    ],
    [
      -0.5,
      -0.5,
      0.5
    ]
  ],
  "vertexNormals": [
    [
      0.4714,
      0.3333,
      -0.8165
    ],
    [
      -0.9428,
      0.3333,
      0
    ],
    [
      0.4714,
      0.3333,
      0.8165
    ],
    [
      0,
      -1,
      0
    ]
  ],
  "vertexUVs": [
    [
      0.625,
      0.3040867239846964
    ],
    [
      0.875,
      0.6959132760153036
    ],
    [
      0.375,
      0.6959132760153036
    ],
    [
      0.125,
      0.3040867239846964
    ],
    [
      0.375,
      0.6959132760153036
    ],
    [
      0.875,
      0.6959132760153036
    ],
    [
      0.125,
      0.3040867239846964
    ],
    [
      0.875,
      0.6959132760153036
    ],
    [
      0.625,
      0.3040867239846964
    ],
    [
      0.125,
      0.3040867239846964
    ],
    [
      0.625,
      0.3040867239846964
    ],
    [
      0.375,
      0.6959132760153036
    ]
  ],
  "facePositions": [
    [
      0,
      1,
      2
    ],
    [
      0,
      2,
      3
    ],
    [
      0,
      3,
      1
    ],
    [
      1,
      3,
      2
    ]
  ],
  "faceNormals": [
    [
      0,
      0,
      0
    ],
    [
      1,
      1,
      1
    ],
    [
      2,
      2,
      2
    ],
    [
      3,
      3,
      3
    ]
  ],
  "faceUVs": [
    [
      0,
      1,
      2
    ],
    [
      3,
      4,
      5
    ],
    [
      6,
      7,
      8
    ],
    [
      9,
      10,
      11
    ]
  ]
}